Link Name,Center of Mass X,Center of Mass Y,Center of Mass Z,Center of Mass Roll,Center of Mass Pitch,Center of Mass Yaw,Mass,Moment Ixx,Moment Ixy,Moment Ixz,Moment Iyy,Moment Iyz,Moment Izz,Visual X,Visual Y,Visual Z,Visual Roll,Visual Pitch,Visual Yaw,Mesh Filename,Color Red,Color Green,Color Blue,Color Alpha,Collision X,Collision Y,Collision Z,Collision Roll,Collision Pitch,Collision Yaw,Collision Mesh Filename,Material Name,SW Components,Coordinate System,Axis Name,Joint Name,Joint Type,Joint Origin X,Joint Origin Y,Joint Origin Z,Joint Origin Roll,Joint Origin Pitch,Joint Origin Yaw,Parent,Joint Axis X,Joint Axis Y,Joint Axis Z,Limit Effort,Limit Velocity,Limit Lower,Limit Upper,Calibration rising,Calibration falling,Dynamics Damping,Dynamics Friction,Safety Soft Upper,Safety Soft Lower,Safety K Position,Safety K Velocity
base_link,0.00196170680937007,-0.0309340370914814,0.0868228015469567,0,0,0,0.458411450979246,0.000542871589384656,9.16830524623751E-08,-1.69749191833218E-07,0.00108671668484761,3.00802775983817E-06,0.000657663684621469,0,0,0,0,0,0,package://oscar/meshes/base_link.STL,1,1,1,1,0,0,0,0,0,0,package://oscar/meshes/base_link.STL,,main_body-1,Origin_global,,,,0,0,0,0,0,0,,0,0,0,,,,,,,,,,,,
Left_wheel_link,-0.00784940612576867,4.28642898509662E-05,-9.31058257116688E-06,0,0,0,0.0274335863022573,1.13862377406955E-05,-4.63211245253234E-15,9.35749929848452E-15,6.00789413976309E-06,-1.82633067451518E-08,6.02049780409006E-06,0,0,0,0,0,0,package://oscar/meshes/Left_wheel_link.STL,1,1,1,1,0,0,0,0,0,0,package://oscar/meshes/Left_wheel_link.STL,,wheel-1,Origin_Left_wheel_link_joint,Axis_Left_wheel_link_joint,Left_wheel_link_joint,continuous,0.0586,-0.08,-0.035,2.7498,0,3.1416,base_link,1,0,0,,,,,,,,,,,,
Right_wheel_link,-0.00784940612576874,4.28642898509246E-05,-9.31058257161443E-06,0,0,0,0.0274335863022572,1.13862377406954E-05,-4.63212902828467E-15,9.35757328949383E-15,6.00789413976302E-06,-1.82633067450587E-08,6.02049780409007E-06,0,0,0,0,0,0,package://oscar/meshes/Right_wheel_link.STL,1,1,1,1,0,0,0,0,0,0,package://oscar/meshes/Right_wheel_link.STL,,wheel-2,Origin_Right_wheel_link_joint,Axis_Right_wheel_link_joint,Right_wheel_link_joint,continuous,-0.0586,-0.08,-0.035,1.5708,0,0,base_link,1,0,0,,,,,,,,,,,,
Link_pair_1,0.0122273760193205,-1.63230540195514E-13,0.0079914509294892,0,0,0,0.00369780273035827,6.11514536437229E-08,-7.38944401943009E-25,2.75735122405842E-24,6.25046675936164E-07,-1.11750389192334E-24,6.70790618203394E-07,0,0,0,0,0,0,package://oscar/meshes/Link_pair_1.STL,1,1,1,1,0,0,0,0,0,0,package://oscar/meshes/Link_pair_1.STL,,link_pair-1,Origin_Link_pair_1_joint,Axis_Link_pair_1_joint,Link_pair_1_joint,continuous,0.087,-0.0695,-0.018,1.5708,0,0,base_link,0,0,1,,,,,,,,,,,,
big_triangle_1,0.0195755407568847,-0.00278501208050816,0.0180107799944266,0,0,0,0.0745478809502809,5.43833714550981E-05,-1.64485303519001E-06,1.46443358252428E-06,6.94150724784236E-05,-7.5546027497944E-07,2.41737178555845E-05,0,0,0,0,0,0,package://oscar/meshes/big_triangle_1.STL,1,1,1,1,0,0,0,0,0,0,package://oscar/meshes/big_triangle_1.STL,,big_triangle-1,Origin_big_triangle_1_joint,Axis_big_triangle_1_joint,big_triangle_1_joint,continuous,0.0365,0,0,0.0087266,0,0,Link_pair_1,0,0.0087265,0.99996,,,,,,,,,,,,
link_1,0.00924999999999995,-3.48679418671338E-15,-1.38777878078145E-17,0,0,0,0.000418829254091884,1.72374656454096E-09,2.14126850100495E-22,1.83013710527357E-23,2.05758913679062E-08,-1.72606950474182E-25,2.16713940513094E-08,0,0,0,0,0,0,package://oscar/meshes/link_1.STL,0.858823529411765,0.858823529411765,0.858823529411765,0.1,0,0,0,0,0,0,package://oscar/meshes/link_1.STL,,link-1,Origin_link_1_joint,Axis_link_1_joint,link_1_joint,continuous,0.051256,-0.01171,0.033266,-0.012341,-0.78536,0.0087263,big_triangle_1,0,0,1,,,,,,,,,,,,
big_non_actuated_triangle_mirror,0.030919243545911,0.00878668880203192,-0.0148475592469525,0,0,0,0.0721297540054504,5.39632726368138E-05,1.56283388931883E-06,-1.44322942163293E-06,6.91067908994078E-05,5.02154368175078E-08,2.3503289928344E-05,0,0,0,0,0,0,package://oscar/meshes/big_non_actuated_triangle_mirror.STL,1,1,1,1,0,0,0,0,0,0,package://oscar/meshes/big_non_actuated_triangle_mirror.STL,,big_non-actuated_triangle_mirror-1,Origin_big_non_actuated_triangle_mirror_joint,Axis_big_non_actuated_triangle_mirror_joint,big_non_actuated_triangle_mirror_joint,continuous,0.0185,0,0,-0.017452,-0.78528,0.01234,link_1,0.70703,-0.012341,0.70708,,,,,,,,,,,,
Link_5,0.01825,-2.23271505450651E-11,0.00150000000000003,0,0,0,0.000742829254091883,2.93874656454095E-09,-1.42265809120521E-19,2.71176673864519E-22,1.08501881755647E-07,-2.71872083525802E-17,1.1032638443905E-07,0,0,0,0,0,0,package://oscar/meshes/Link_5.STL,0.858823529411765,0.858823529411765,0.858823529411765,0.1,0,0,0,0,0,0,package://oscar/meshes/Link_5.STL,,link-5,Origin_Link_5_joint,Axis_Link_5_joint,Link_5_joint,continuous,0.05136,0.011736,-0.021057,-3.1329,0,-0.0087266,big_non_actuated_triangle_mirror,0,0,1,,,,,,,,,,,,
Link_pair_2,0.0122273760193164,-1.88078719265405E-14,0.00250854907051047,0,0,0,0.00369780273035827,6.11514536437228E-08,8.67253067522997E-19,6.28274244545554E-23,6.25046675936164E-07,-4.99214669239447E-24,6.70790618203394E-07,0,0,0,0,0,0,package://oscar/meshes/Link_pair_2.STL,1,1,1,1,0,0,0,0,0,0,package://oscar/meshes/Link_pair_2.STL,,link_pair-2,Origin_Link_pair_2_joint,Axis_Link_pair_2_joint,Link_pair_2_joint,continuous,0,-0.167,-0.018,-1.5708,0,-1.5708,base_link,0,0,1,,,,,,,,,,,,
big_triangle_middle,0.0223421497135244,0.00326069237224212,0.0026854172102378,0,0,0,0.0834635434624063,4.56673953012276E-05,-6.35604825028363E-08,2.01812979626431E-06,2.18500355396937E-05,2.20066762718638E-21,5.43856488817236E-05,0,0,0,0,0,0,package://oscar/meshes/big_triangle_middle.STL,1,1,1,1,0,0,0,0,0,0,package://oscar/meshes/big_triangle_middle.STL,,big_triangle_middle-1,Origin_big_triangle_middle_joint,Axis_big_triangle_middle_joint,big_triangle_middle_joint,continuous,0.0365,0,0,-1.5708,0,0,Link_pair_2,0,1,0,,,,,,,,,,,,
Link_2,0.00924999999999998,1.04083408558608E-17,0,0,0,0,0.000418829254091885,1.72374656454096E-09,-1.07983724185045E-23,3.6654440893756E-23,2.05758913679062E-08,5.16362818338366E-25,2.16713940513093E-08,0,0,0,0,0,0,package://oscar/meshes/Link_2.STL,0.858823529411765,0.858823529411765,0.858823529411765,0.1,0,0,0,0,0,0,package://oscar/meshes/Link_2.STL,,link-2,Origin_Link_2_joint,Axis_Link_2_joint,Link_2_joint,continuous,0.051256,-0.022663,0.012,-1.5708,0,-0.7854,big_triangle_middle,0,0,1,,,,,,,,,,,,
small_triangle_1,-0.0328199233156057,-0.00838171459412357,0.0100577286903399,0,0,0,0.0478134415054504,1.16931866407475E-05,-3.1676773406174E-06,-1.41779823992198E-06,1.22757737145985E-05,3.6055996039486E-07,1.56922706277985E-05,0,0,0,0,0,0,package://oscar/meshes/small_triangle_1.STL,1,1,1,1,0,0,0,0,0,0,package://oscar/meshes/small_triangle_1.STL,,small_triangle-1,Origin_small_triangle_1_joint,Axis_small_triangle_1_joint,small_triangle_1_joint,continuous,0.0185,0,0,1.5708,-0.7854,3.1416,Link_2,0.70711,0.70711,0,,,,,,,,,,,,
Link_6,0.0182499999999999,5.59240154185403E-14,0.0015,0,0,0,0.000742829254091884,2.93874656454096E-09,-7.56512651365417E-25,-9.39787035785344E-25,1.08501881755647E-07,7.10258518665798E-27,1.10326384439051E-07,0,0,0,0,0,0,package://oscar/meshes/Link_6.STL,0.858823529411765,0.858823529411765,0.858823529411765,0.1,0,0,0,0,0,0,package://oscar/meshes/Link_6.STL,,link-6,Origin_Link_6_joint,Axis_Link_6_joint,Link_6_joint,continuous,-0.051256,0.0061628,0.012,1.5708,0,3.1416,small_triangle_1,0,0,1,,,,,,,,,,,,
"rectangle_mirror_link ",0.0253000582270053,0.0755932370668164,0.0112636448535164,0,0,0,0.164023892383727,0.000289386199645965,-3.43537232454044E-06,-1.71295548901096E-06,9.4604969825702E-05,1.74658343347169E-06,0.000341456068141042,0,0,0,0,0,0,package://oscar/meshes/rectangle_mirror_link .STL,1,1,1,1,0,0,0,0,0,0,package://oscar/meshes/rectangle_mirror_link .STL,,rectangle_mirror-1,Origin_rectangle_mirror_link_joint,Axis_rectangle_mirror_link_joint,rectangle_mirror_link_joint,continuous,0.0365,0,0,1.5708,1.5708,0,Link_6,1,0,0,,,,,,,,,,,,
Link_3,-0.00924999999999998,0,0.01425,0,0,0,0.000418829254091883,1.72374656454095E-09,-3.44375965656593E-24,-1.64402146744914E-23,2.05758913679062E-08,-9.86326119353998E-26,2.16713940513093E-08,0,0,0,0,0,0,package://oscar/meshes/Link_3.STL,0.858823529411765,0.858823529411765,0.858823529411765,0.1,0,0,0,0,0,0,package://oscar/meshes/Link_3.STL,,link-3,Origin_Link_3_joint,Axis_Link_3_joint,Link_3_joint,continuous,0.041179,0.032739,0.012,-1.5708,0,-2.3562,big_triangle_middle,0,0,1,,,,,,,,,,,,
small_triangle_mirror_1,-0.0227436516836974,0.00169455703778482,-0.0100577286903399,0,0,0,0.0478134415054504,1.16931866407475E-05,-3.1676773406174E-06,1.41779823992197E-06,1.22757737145985E-05,-3.60559960394857E-07,1.56922706277985E-05,0,0,0,0,0,0,package://oscar/meshes/small_triangle_mirror_1.STL,1,1,1,1,0,0,0,0,0,0,package://oscar/meshes/small_triangle_mirror_1.STL,,small_triangle_mirror-1,Origin_small_triangle_mirror_1_joint,Axis_small_triangle_mirror_1_joint,small_triangle_mirror_1_joint,continuous,-0.0185,0,0,1.5708,-0.7854,0,Link_3,0.70711,0.70711,0,,,,,,,,,,,,
Link_7,-0.0182499999999994,3.46944695195361E-18,0.00149999999999956,0,0,0,0.000742829254091884,2.93874656454096E-09,-7.56512651365417E-25,-9.39787035785344E-25,1.08501881755647E-07,7.10258518665798E-27,1.10326384439051E-07,0,0,0,0,0,0,package://oscar/meshes/Link_7.STL,0.858823529411765,0.858823529411765,0.858823529411765,0.1,0,0,0,0,0,0,package://oscar/meshes/Link_7.STL,,link-7,Origin_Link_7_joint,Axis_Link_7_joint,Link_7_joint,continuous,-0.041179,0.016239,-0.012,-1.5708,0,0,small_triangle_mirror_1,0,0,1,,,,,,,,,,,,
rectangle_link,0.0253000482387464,-0.0755932420609484,0.0112636448535165,0,0,0,0.164023892383727,0.000289386199645965,3.43537232446941E-06,-1.71294995482485E-06,9.46049698257021E-05,-1.74658343347196E-06,0.000341456068141042,0,0,0,0,0,0,package://oscar/meshes/rectangle_link.STL,1,1,1,1,0,0,0,0,0,0,package://oscar/meshes/rectangle_link.STL,,rectangle-1,Origin_rectangle_link_joint,Axis_rectangle_link_joint,rectangle_link_joint,continuous,-0.0365,0,0,1.5708,1.5708,0,Link_7,1,0,0,,,,,,,,,,,,
Link_pair_3,0.0122273760193164,1.87350135405495E-14,0.00799145092948914,0,0,0,0.00369780273035826,6.11514536437226E-08,-8.63825102156484E-19,1.40042308426752E-21,6.25046675936162E-07,3.60730581246122E-24,6.70790618203392E-07,0,0,0,0,0,0,package://oscar/meshes/Link_pair_3.STL,1,1,1,1,0,0,0,0,0,0,package://oscar/meshes/Link_pair_3.STL,,link_pair-3,Origin_Link_pair_3_joint,Axis_Link_pair_3_joint,Link_pair_3_joint,continuous,-0.087,-0.0695,-0.018,-1.5708,0,3.1416,base_link,0,0,1,,,,,,,,,,,,
big_triangle_mirror_1,-0.0196018382100981,-0.00292797471372562,0.0179594317026347,0,0,0,0.074547880950281,5.44136654321586E-05,1.80118553221312E-06,-1.43514860815113E-06,6.9397363779311E-05,4.69758482172589E-08,2.41611325776369E-05,0,0,0,0,0,0,package://oscar/meshes/big_triangle_mirror_1.STL,1,1,1,1,0,0,0,0,0,0,package://oscar/meshes/big_triangle_mirror_1.STL,,big_triangle_mirror-1,Origin_big_triangle_mirror_1_joint,Axis_big_triangle_mirror_1_joint,big_triangle_mirror_1_joint,continuous,0.0365,0,0,-0.0087263,7.6152E-05,-3.1329,Link_pair_3,7.6152E-05,0.0087262,-0.99996,,,,,,,,,,,,
Link_4,0.00924999999999998,3.46944695195361E-18,-0.01425,0,0,0,0.000418829254091883,1.72374656454095E-09,-1.45897428116002E-23,1.70606001339062E-24,2.05758913679061E-08,2.40999549744314E-25,2.16713940513093E-08,0,0,0,0,0,0,package://oscar/meshes/Link_4.STL,0.858823529411765,0.858823529411765,0.858823529411765,0.1,0,0,0,0,0,0,package://oscar/meshes/Link_4.STL,,link-4,Origin_Link_4_joint,Axis_Link_4_joint,Link_4_joint,continuous,-0.041286,-0.012017,0.043133,-0.012341,-0.78536,3.1416,big_triangle_mirror_1,0,0,1,,,,,,,,,,,,
big_non_actuated_triangle_1,-0.0207651172522063,0.0087077362286893,-0.0250792378465222,0,0,0,0.0721297540054504,5.39371506401738E-05,-1.4050380646756E-06,1.46835760801126E-06,6.91203276181002E-05,-7.58629222720149E-07,2.35158752062916E-05,0,0,0,0,0,0,package://oscar/meshes/big_non_actuated_triangle_1.STL,1,1,1,1,0,0,0,0,0,0,package://oscar/meshes/big_non_actuated_triangle_1.STL,,big_non-actuated_triangle-1,Origin_big_non_actuated_triangle_1_joint,Axis_big_non_actuated_triangle_1_joint,big_non_actuated_triangle_1_joint,continuous,0.0185,0,0,0.0087266,0.7854,3.1416,Link_4,0.70711,-0.0061706,-0.70708,,,,,,,,,,,,
Link_8,-0.01825,-6.93889390390723E-18,-0.00150000000000011,0,0,0,0.000742829254091885,2.93874656454097E-09,-5.19149119511322E-23,-1.86933357495152E-22,1.08501881755647E-07,-1.52157858907412E-25,1.10326384439051E-07,0,0,0,0,0,0,package://oscar/meshes/Link_8.STL,0.858823529411765,0.858823529411765,0.858823529411765,0.1,0,0,0,0,0,0,package://oscar/meshes/Link_8.STL,,link-8,Origin_Link_8_joint,Axis_Link_8_joint,Link_8_joint,continuous,-0.041179,0.011727,-0.031343,-0.0087266,0,0,big_non_actuated_triangle_1,0,0,1,,,,,,,,,,,,
